Precision,Recall,F1
1.0,0.055793991416309016,0.10569105691056911
