Precision,Recall,F1
1.0,0.005780346820809248,0.011494252873563216
